compId,jobUrl
744874,http://apps.exelare.com/ucbizjobs/jobview.aspx?jobid=NTTJP00026044&cid=cbizl_variteIN
1044056,http://unbxd.com/careers/openings#op-225207-information-security-architect
1047738,https://recruiterflow.com/instamojo/jobs/97
1127086,https://ms.taleo.net/careersection/jobdetail.ftl?job=3141251&lang=en
1227550,https://careers.eclerx.com/UI/Job_Descriptions.aspx?Skills=null&JobTitle=Technology%20Services-Program%20Manager-Machine%20Learning&Country=26&City=Mumbai&Id=7169
1254548,https://www.theleela.com/the-leela/careers/opportunities
1360428,https://cargill.taleo.net/careersection/4/jobdetail.ftl?job=2197525
1360468,https://www.kesari.in/career
1369468,https://careers.kronos.com/careers/JobDetail/Cassandra-Architect/18537
1394186,http://samsaragroup.com/career.php
1394192,https://frhi.taleo.net/careersection/jobdetail.ftl?job=JAI00597&lang=en
1394292,http://www.paltech.in/career/
1405722,https://newtglobal.com/job/net-full-stack-developer/
1413190,http://www.vertexgroupindia.com/current_opportunities.html
1428184,https://www.hccindia.com/public/index.php/careers/dgm-design-with-underground-hydro-experience
1439972,https://basf.jobs/dark_green_AP/job/JuiNagar-HO-Intern-Business-Process-Re-engineering-%28Supply-Chain%29/571504901/?feedId=111101
1440406,https://www.srmtech.com/jobs/j2ee-developer-2/
1440434,https://steria.taleo.net/careersection/in_cs_ext_fs/jobdetail.ftl?job=346661&tz=GMT%2B05%3A30
1459582,https://www.mu-sigma.com/job_openings/apprentice-leader/
1459596,http://jobs.jobvite.com/saama/job/ov8xbfw5
1496734,https://careers.societegenerale.com/en/job-offers/enterprise-risk-analytics-190009G0-en
1507358,http://jobs.undp.org/cj_view_job.cfm?cur_job_id=89437
1570456,https://heapp8.hdfcergo.com/CareerPortal/Client/CRPPortal/JobDescription.aspx?RID=bSNNvszrDFEiGjtUOSS14muNI7D1xJIQNR8pJlnmDROZlmjgZsaOktdtdDb5JYyTU7bYE4w6mk7AEh4REQkQh7IbbF7jhtSL3kH8oXZAxdJdon7FS3msP22U7nO8cJn1W0DJQe9wH+fwMHB9Gdyp/HamcpOM3PcAZx2FgQXEdFM=
1581662,https://motorolasolutions.wd5.myworkdayjobs.com/careers/job/Associate-Project-Manager--Customer-Center-for-Solutions-Integration_R2887
1613116,https://talentojo.kpit.com/tojo/app/job-apply/#/Career%20Portal/13987
1617454,https://daimler.taleo.net/careersection/ex/jobdetail.ftl?job=417431
1617602,https://birlasoft.taleo.net/careersection/ex/jobdetail.ftl?job=32358&lang=en
1617670,http://gdresearchcenter.com/careers.aspx
1617914,https://www.ufomoviez.com/career
1617934,https://citi.wd5.myworkdayjobs.com/2/job/Developer-Java-Chennai-C11--R1933138-_19120369-1
1641836,https://nagarro.taleo.net/careersection/corporate/jobdetail.ftl?job=17807
1641880,https://www.trigyn.com/job/sr-software-engineer-ruby-rails
1642920,https://www.softenger.com/data-center-operator/
1643052,https://autodesk.taleo.net/careersection/adsk_gen/jobdetail.ftl?job=363248
1643928,https://www.airliquide.com/careers/detailed-job-offer?jobId=195979&jobTitle=Shift%20cum%20Maintenance%20Engineer-%20Pune%20(LILO)
1644058,https://sjobs.brassring.com/TGnewUI/Search/home/HomeWithPreLoad?partnerid=25239&siteid=5027&PageType=JobDetails&jobid=6456569#jobDetails=6456569_5027
1644590,https://jobs.qualcomm.com/public/jobDetails.xhtml?requisitionId=1979367
1673816,https://accionlabs.cluster2.openings.co/#!/job-view/ui-developer-whitefield-bengaluru-karnataka-india-2019123016195059
1673832,http://www.affinityx.com/form/job-application?position=Graphic%20Designer-India
1673848,http://www.alikethoughts.com/pub/career.html
1673926,https://axaindia.com/career-axa-bs-inner/106/pmo-business-intelligence-and-research
1673950,https://bharatbijlee.com/company/human-resources/current-openings/executive-sales-motors/
1674054,http://compuageindia.com/careers.php
1685624,https://www2.jobdiva.com/candidates/myjobs/openjob_outside.jsp?a=75jdnwkibufx82vskxfdgt7ugszab002e4cp5arygkutjzvtsrtteiu50lbosikw&id=12793149
1685772,http://servion.talentnow.com/careers/SubmitResume.aspx?jpc=JPC014814
1685838,https://www.vyomlabs.com/careers/truesight-operations-consultant/
1687012,http://www.voyants.in/careers/traffic-engineer-2/
1690180,http://mindcraft.in/careers.html
1690340,https://satyamventure.com/career/senior-engineer-technical-specialist-lighting-systems/
1702896,https://www.lalpathlabs.com/current-opening/78
1702914,https://www.shemarooent.com/career/promo-editor
1702934,https://www.extentia.com/business-analyst-career
1729290,http://www.mars-world.com/careers.html
1735770,https://www.puranikbuilders.com/careers/career-detail/executive-assistant-to-director
1735808,https://www.allieddigital.net/in/job-code-Le2-SPA.html
1735968,http://www.rahee.com/jobIdApplyNow/12
1736010,http://www.xiphiastec.com/careers.html
1736042,http://www.raybiztech.com/about/careers
1736054,http://www.adroitent.com/joinus.html
1736068,http://nes.co.in/pdf/JOB1/Abstract%20&%20Medical%20Indexing.pdf
1740260,http://cardinalts.com/site/indiapositions.html#
1741054,https://www.ambalalshares.com/Applyjob.aspx?jobid=109
1749740,http://www.irisbusiness.com/current-openings/441
1751118,https://www.centreforsight.net/Jobs/apply/41
1751162,http://www.amoking.com/careers.html
1755676,http://www.nanoinfosoft.com/corporate/careers/JobDetails.aspx?JobId=20201J17
1756916,http://www.icstechservices.com/html/Job-Product-Specialist-Navision.htm
1761802,https://www.castsoftware.com/discover-cast/join/job-detail/lists/jobs/consultant-net---india-bangalore
1761826,http://www.tejora.com/projectmanager
1799256,https://thales.wd3.myworkdayjobs.com/Careers/job/Senior-Software-Engineer_RG19002129
1799374,https://www.icanbpo.com/Career/Current_Job_Opening_public.aspx
1808012,https://trafigura.wd3.myworkdayjobs.com/TrafiguraCareerSite/job/FINANCE-CONTROLLER_R-004825-1
1812388,http://www.vjcs.com/vjcs/job_opn_TL_SOA.html
1813174,https://erm.wd3.myworkdayjobs.com/ERM_Careers/job/Senior-Consultant-Sustainability--Mid-Senior-Level-_R00005439
1816506,https://motivitylabs.com/career/data-quality-analyst/
1816514,https://www.beroeinc.com/career/research-analyst-category-specialization/
1816564,https://decimaltech.com/careers/job-openings/
1817234,https://www.acuitykp.com/careers/senior-associate-investment-banking-commercial-real-estate/
1817388,http://cybosol.com/career/machine-learning-ai-engineer/
1820034,https://jobs.lever.co/helpshift/1e50f8f9-73bc-4425-ab1a-f5e3bf5d97f2
1827658,http://www.rajivplastics.com/pdf/BusDevMgr.pdf
1832968,https://jltgroup.taleo.net/careersection/jobdetail.ftl?job=16000613&lang=en
1832986,https://www.bryair.com/career/current-opening/?view=203
1837260,http://www.ifinltd.in/career/current
1837322,http://erp.click-labs.com/Associate%20Product%20Manager
1837440,https://www.electropneumatics.com/career.php
1838580,https://www.systems-plus.com/career/sharepoint-developer/
1839398,http://www.siliconinfo.com/careers/web_design_careers.htm
1840246,http://peppermint.co.in/#all
1840258,http://www.vedams.com/careers/job-opportunities/
1840452,http://www.optimizeitsystems.com/career.php
1840508,https://www.suntecindia.com/careers-business-technical-content-writer-corporate-communications.html
1840512,http://softtech-engr.com/careers/
1840574,https://www.srmbsteel.com/current-openings
1840586,http://www.datapage.ie/careers-coimbatore.html
1840640,http://www.edreamztech.com/careers.html
1840764,http://www.hfcl.com/careers/opportunities/?jbbrd_keywords&category&jbbrd_experience&jbbrd_location&employment_category&search_period&jbbrd_organization&jbbrd_salary_from=0&jbbrd_salary_to=0&jbbrd_frontend_form=submit&action=jbbrd_show_more_results#searchResultcontent
1840810,https://www.watconsult.com/teams/#careers/
1841026,http://www.marvist.co.in/careers/secretary-personal-assistant/
1842106,http://adityacbse.com/careers.php
1843646,http://cyberindigo.net/career-overview#
1843692,https://www.corporate.stockholding.com/careers.html
1843742,http://www.ethinos.com/digitalmarketing/digital-marketing-jobs/aem-developer.php
1843852,http://www.pegasusinfocorp.com/careers/senior-qa-engineer-automation.html
1843858,http://www.siecoengineers.com/career.php#accordion7
1844004,https://www.vsplash.com/careers./
1844108,https://www.magnontbwa.com/the-pirate-den.html
1844124,http://www.myndsolution.com/current-openings.html
1844944,https://kumaran.com/join-us/current-openings/
1845082,http://kkmsoft.com/careers.html
1845094,http://www.vistaarfinance.com/openings.html
1845106,http://www.indianholiday.com/careers.html
1845118,https://www.gameshastra.com/careers.html
1845122,http://www.bluedigital.co.in/careers.php
1845818,http://www.gajshield.com/index.php/about-us/career
1846006,https://www.childlineindia.org/a/careers
1847192,http://www.texcelengineers.net/current-openings.htm
1847332,http://www.ackcezione.com/current-openings.html
1847686,https://www.techtreeit.com/portal/test-jobs/product-engineer-java/
1848056,http://www.89itworld.com/career-with-us
1848174,http://www.raremile.com/careers.html
1848178,http://www.sandlus.co.in/careers.html
1848264,http://alom.in/careers.html
1848382,https://enzen.taleo.net/careersection/ex/jobdetail.ftl?job=10501
1848440,http://arvindprakashan.com/careerdetails.php?id=33
1849386,http://parkcontrols.com/careers/
1849610,http://www.infoobjects.com/employment/
1849658,http://www.datainfosys.com/career/
1849784,https://www.tejasnetworks.com/career-inner/5af18a25cc2c3
1849946,http://www.gera.in/current-openings
1850126,http://www.transgraph.com/HrCorner_CurrentOpenings.aspx
1850158,http://www.onprocess.com/about-us/careers/data-network-administration-and-support
1850262,https://www.ebrandz.in/pay-per-click-executive/
1850468,http://www.fastcollab.com/careers/Skyfi%20Education%20Labs/26654-Digital-Marketing
1850626,"http://www.ushamartin.com/wp-content/uploads/2015/03/Current-Openings-in-Management-Audit.pdf#page=2&zoom=auto,-12,842"
1850750,https://www.emertxe.com/career/
1850986,https://www.infognana.com/careers/
1851444,http://www.isb.edu/jobs/current-openings/associate-alumni-relations
1852304,http://www.haldiapetrochemicals.com/index.php?p=job_list
1852360,http://de.nimsuniversity.org/featured-jobs-we-are-hiring/
1852944,http://mpcl.in/current_opening.html
1853190,https://www.atees.in/php-developer.html
1853202,https://www.netsmartz.com/we-re-hiring/jobs
1853390,http://cmptl.com/full-time.html
1853502,http://www.realityinfo.com/careers.html
1857074,http://www.quentind.com/quantum/job_opportunites.htm
1863190,http://arminus.talentnow.com/Careers/SubmitResume.aspx?jpc=JPC028626
1863792,http://www.liteplacement.com/Displayjob.asp?jobid=1893
1863804,https://tasolutions.in/hr/commercial-printing-sales-manager-2/
1864394,https://my.zartis.com/nalanda-educational-institution/jobs/39849/female-admission-counsellor-hubili
1864404,http://limetray.recruiterbox.com/jobs/fk0j3vf/
1865380,http://www.valconusa.com/Career/Cognos/administrator/administrator.html
1865442,http://ethpl.com/career.php
1865570,http://www.ishir.com/job-openings.htm
1877458,http://www.itnucleus.com/career.php
1877504,http://www.aahlaad.com/software/career
1877512,http://absindia.net/currentopenings.html
1877576,http://bhshr.com/portfolio-item/hr-assistant/
1877632,https://bit01.tech/careers/
1877668,http://www.cueblocks.com/work-at-cb.php#thirdSection
1877778,http://www.inflowtechnologies.com/about-inflow-technologies/careers-in-it-infrastructure/
1878602,https://helo.co.in/careers.html
1878720,http://exioms.com/career/
1878770,http://hochtechnologies.com/career-opening.aspx
1878776,https://www.icat.ac.in/career-lecture-game-programming.aspx
1879178,http://rits.infogile.com/currentOpenings.htm
1879182,http://www.infomazetech.com/career-at-infomaze/
1880204,http://milantallyservices.com/careers/
1880634,http://www.treselle.com/careers/open-positions/PHP%20Developers/
1880838,http://oswalrealty.com/careers.php
1881136,https://www.solutionanalysts.com/career/business-development-manager/
1881608,http://www.wbcsoftwarelab.com/job-opportunities-wbc-software-lab.html
1881628,http://www.deepindustries.com/joinourfamily.html
1881656,http://yusata.com/menus//careers.html
1881668,http://www.grasacademy.in/Trainer - Tally.html
1881732,http://www.honeydew-technologies.com/Careers.html
1881920,http://www.linksture.com/careers
1881962,http://2020imaging.com/corporate/career/
1881994,http://www.n-axis.in/aboutus-careers.php
1882010,http://www.angstle.com/career.php
1882026,http://www.piltd.com/careers.html
1882054,http://www.novelwebcreation.com/current-openings.php
1882070,http://bakerybite.com/?src=1&reqp=1&query=Chocolate%20Machine&afdToken=3B1gvTigWYDm8xDawvTMNzP5t8tN6mkUMMIwrX8EYTqh-_jsxaw5KuiomsFss_MeY3KkiF-RXkKWj6JShtZpvDuy_uN_WL71J_0QGlOA&pcsa=false
1882078,http://www.numbermall.com/careers.php
1882316,http://www.adroitjobs.com/jobDetails.php?jobId=208
1882320,http://www.benelecinfotech.com/Careers/careers-currentopening.asp
1882324,http://bigleaponline.com/job-list.php?page=2
1882388,http://www.cimconautomation.com/careers.htm
1882392,http://www.shrosystems.com/job-description/9
1883248,http://www.poseidon-systems.com/careers.htm#P2
1883762,http://www.spryindia.com/opportunities.html
1883822,http://www.finesseim.com/careers
1884028,http://volgainfotech.com/careers.html
1884084,http://www.gtaglobal.co.in/job9.html
1884222,http://www.ucc-india.com/careers.html
1884284,http://www.medusasystems.com/current_openings.html
1884346,http://sincerity.in/careers/
1884484,http://omnihospitals.in/careers/
1884566,http://www.trikonnect.com/iphone-developers.html
1884588,http://uniglowinfotech.com/careers/vacancies.html
1884606,https://www.webduratech.com/career-openings/full-stack-developer/
1884766,https://smarts3.in/careers/senior-business-development-executive/
1884782,http://www.srisankaramatrimony.com/Sankara-Carrers
1884890,http://zekisolutions.com/career.php
1885434,http://skillsign.com/navigate/career/home
1885462,http://www.361dm.com/careers.html
1885692,http://www.cyborg.co.in/opportunity.html
1885726,https://accurex.net/careers/
1885738,http://www.dagslore.com/careers.aspx
1885866,https://www.dckap.com/job/practice-leader-salesforce/
1885926,http://adeptchips.com/careers.html
1886372,http://www.alivenow.in/contact/careers-at-alive-now.html
1886458,https://www.worldindia.com/CurrentOpenings.html
1886722,http://www.angaros.com/careers.php
1886754,http://www.ecaretechlabs.com/careers-lead-software.html
1886850,http://www.girmiti.com/current_openings.html
1886876,http://glansolutions.com/job_detail.php?id=16363
1886882,http://www.aoneinnovation.com/career.html
1887056,http://www.globusinfocom.com/current-openings
1887094,http://apsinfotech.com/jobs.htm
1887366,http://brainstormindia.com/current-openings.html
1887374,http://www.brickandbyte.in/careers.html
1887406,https://careers.burohappold.com/vacancy/structural-bim-engineer-374845.html
1887518,https://www.hugedomains.com/domain_profile.cfm?d=movicotech&e=com
1887560,http://www.caetechnology.net/indexa44a.html?option=com_content&view=article&id=55:career-current%20vacancies
1887568,http://www.msagarwal.com/current-openings/index.html
1887580,https://www.msfindia.in/work-in-india-office/
1887758,http://www.commoditiescontrol.com/careers.html
1887826,http://kashviconsultant.com/opening.html
1887928,http://kratinmobile.com/careers.html#jumptofresher
1888004,https://kudometrics.com/careers/
1888044,http://www.leedskem.in/careers.html
1888074,http://www.leoithub.com/job-opening.html
1888130,http://livewireexperience.com/careers/
1891528,http://www.arijasoft.com/Careers
1891536,https://www.arista.com/en/careers/engineering/software-test-engineer
1891756,https://motilaloswalhf.com/careers/openings-list/15
1891780,http://astrasolutions.in/current_opening.php
1892144,https://www.consernpharma.com/jobs.html
1892346,http://www.elixir360.com/careers/jrwebdesigner.html
1892402,http://www.softproglobal.com/presentopenings.action.htm
1892440,http://softwarelabz.com/CareerWithUs.html
1892728,http://www.epistemesoft.com/Careers.html
1892818,http://srijantech.recruiterbox.com/jobs/fk03rip/
1893158,http://www.sunsmart.co.in/careers.html
1893214,http://hcapital.in/job_search_details.php?job=Jobs-in-Business-Services-IT-Engineer-leading-total-Security-Solutions-group-Mumbai-Mumbai-279
1893416,http://symbiotec.in/job-postings/11317-2/
1893494,http://www.syncton.com/sql-server-database-administrator.html
1893570,http://www.syscomindia.com/careers/jobdetails/24
1893606,https://syslint.com/Career/
1893638,http://www.zameen.org/Accountant.html
1893654,http://www.systweak.com/Career/
1893846,http://teamin.in/web/career.aspx
1894058,https://tecobytes.com/career
1894124,http://www.thebrandsaloon.com/careers.htm
1894232,http://www.theorymconsulting.co.in/careers.htm
1894662,https://corp.ifastfinancial.co.in/careers/operationsexecutive
1894936,http://infosofttech.net/in/jobs/web-developer-needed-php-mysql-net/
1894974,http://sagarbuilders.com/career.html#.VZeKShuqqkp
1895100,http://www.tech9labs.in/jobs.php
1895474,http://www.itagbs.com/careers.html
1895784,http://www.pkmpl.com/about/careers.asp
1895820,http://www.mamtacorp.com/job-seekers/current-jobs/
1896048,https://www.prateekgroup.com/apply-openings?JobId=30
1896214,http://www.projectstoday.com/WeAreHiring.aspx
1896222,http://prominenceconsultant.blogspot.com/
1896248,http://www.propladder.com/careers
1896394,http://www.quadrupleindia.com/current_openings.php
1896630,http://www.rainhopes.com/hr/career/
1896816,http://www.maziksolutions.com/Career.aspx#
1897290,http://www.alden.co.in/vacancy.html
1897304,http://www.olamsolutions.com/careers.php
1897372,http://niccoventures.com/career.asp
1897448,http://www.niyati.com/careers.htm#
1897576,http://www.osoftec.com/in/career.aspx
1897580,http://www.webdecorum.com/careers/
1897604,https://www.oraneconsulting.com/current-openings/marketing-trainee/
1898678,http://www.grconsultancy.co.in/vacancy-detail-872798.htm
1898756,https://www.unifiedinfotech.net/about/career-details/?id=NDI=
1898924,http://www.vectorindia.org/careers.html
1898948,http://www.vegayan.com/Senior_Positions.html#GDeveloper
1898972,https://veominfotech.com/career/?jobid=65
1899048,http://www.vimegsquare.com/php.html
1899088,http://www.visims.com/JobDetails.aspx?Ref=177
1899140,http://vservegroup.com/career.html
1899230,http://weexcel.in/careers/
1901686,http://www.graylogictech.com/Careers.aspx
1901690,http://gunaatita.com/Careers
1901962,http://www.megrisoft.com/jobs
1902104,http://www.saiparamount.com/career.html
1903416,http://www.busisol.net/job_description.php?id=1495
1903436,http://www.abner.in/forum
1932020,https://phoenixmills.taleo.net/careersection/ex/jobdetail.ftl?job=21865
1955672,http://grofers.recruiterbox.com/jobs/fk0jwi9/
1958698,https://convergenceservices.in/careers/job-detail.php?j=37
1958734,http://www.corelead.com/jobs/back-office-process/
1958814,http://www.crescorecapital.com/html/careers.htm
1958866,http://acegenesis.com/about/careers/
1959270,http://www.alleviatetech.com/career
1959314,http://www.allies.in/careers/
1959344,http://sethiainfra.com/careers.aspx
1959388,http://sharobitech.com/career.php?param=career
1959572,http://sigo.in/careers.htm
1959582,http://www.unicitaconsulting.com/marketing.html
1959654,http://www.ornusweb.com/work_with_us.html
1959676,https://www.ambitsoftware.com/job/dot-net-developer/
1959732,http://eagleseeds.com/career.html
1959996,http://aninditatoys.com/careers.php
1960032,https://wbkengineers.com/jobs/6/structural-draftsman-precast--rcc.html
1960140,http://www.edominer.com/erp-careers-india/
1960148,http://www.vardhmanconsultancy.com/vacancy-detail-595687.htm
1960276,https://www.apptology.com/careers.html#
1960560,http://erpa.co.in/careers/
1960980,http://www.benitoconsultants.com/portfolio/risk-mgt-executive-mumbai/
1961202,http://www.bluebitsystems.com/career/
1961290,https://www.audiotextsolutions.com/careers/
1961496,http://greytip.recruiterbox.com/jobs/fk03dpt/
1961546,http://www.harita.com/careers.php
1961558,https://www.hcp.co.in/careers/landscape-architect
1961572,http://www.hemogenomics.com/index.php/careers
1961798,https://www.imarks.in/web-designer/
1962440,https://www.iprogrammer.com/current-openings/#
1962578,http://visionesteem.com/job-detail/visionesteem.com-692
1962614,https://www.jayeshgroup.com/careers-at-jayesh/
1962740,https://www.jvsgroup.com/career_post.php
1962822,http://kalpaksolutions.com/careers.php
1963076,http://www.cliptos.com/career.php
1963388,https://job.zamilsteel.co.in/job/61/territory-sales-manager-assistant-manager-at-zamil-steel/
1963488,http://www.zyoin.com/job/ui-ux-design-lead-5-9-5-years
1963778,http://www.ksapowerinfra.com/careers.html
1963804,http://www.progentechnologies.com/careers.php
1963880,http://www.promptpersonnel.com/jobs-vacancy-in-mumbai-india.php
1963936,https://www.lea.ca/Careers/Jobs/Pavement-Engineer
1963944,http://www.prospectz.com/careers
1964022,http://www.taurushr.in/hotjobs.html
1964204,http://www.logicerp.com/Company/Career
1964288,http://www.qusolconsultancy.com/Careers-Details.php?id=16
1964292,http://nimble-solution.com/CareerDetail.aspx?CId=SkDsJiv1Wiw=&C=View#.XhDTG6PhVqM
1964530,http://telemune.com/opportunities-telemune
1964796,https://www.microexcel.com/careers/sap-project-manager/
1964926,http://www.montekservices.com/current-opening
1965200,http://www.perfect-solutions.co.in/openings.html
1965516,https://www.optisolbusiness.com/career
1966240,https://careers.amaris.com/amaris-careers-page/home/home-page-v2/job-offer-overview1/job-offer-detail1?jobId=18496&offerIds=14091_18500_18493_18487
1966352,https://www.webindiamaster.com/careers/seo-executive-jobs-in-noida
1968774,http://www.brightpod.com/jobs.html
1968778,http://brillgen.com/careers/d01-web-engineer/
1969240,http://alkurn.com/careers/
1969260,http://almdesign.in/careers/
1969298,http://emanage.in/emanage-careers.asp
1969322,http://www.embedtechnologies.com/index.php/careers/
1969670,https://www.ephpsolutions.com/careers/
1969686,https://www.epicwebtechno.com/career/
1969840,http://www.anmedasystems.com/careers.html
1970042,http://www.contactapex.in/career.php
1970082,https://curofy.com/hiring
1970320,https://www.medianama.com/careers/
1970342,http://www.arigel.com/careers
1970350,http://dealspitara.com/careers/
1970398,http://www.arnis-tech.com/careers.html
1970432,http://dellsoft.in/index.php?option=com_content&view=article&id=36&Itemid=12
1970594,https://dezains.com/content/career.html
1970602,http://mirusinfotech.com/career/
1970606,https://www.dg7.in/careers/visual-graphic-designer/
1970618,http://www.atharvconsultants.com/vacancy-detail-685753.htm
1970984,http://avaniinfosoft.com/carrers.html
1971190,http://www.inflectica.com/careers.html
1971308,http://www.dravinsolutions.com/careers.html
1971460,http://www.ngit.in/careers.html
1971614,http://www.kkinet.com/careers.php
1971786,http://www.binarydevelopers.com/career/
1971826,https://inventorstech.in/careers
1971954,https://www.ishikatech.com/career.php
1972332,http://www.jangamsolutions.com/Careers
1972476,https://www.ebaraha.com/careers/
1972526,http://www.ebizinfo.in/
1972864,http://gt-silicon.com/EmbeddedEngr.php
1973030,http://www.senindia.co.in/career.html
1973046,http://www.harshaexito.com/civil.php
1973062,http://www.hashprompt.com/career.html
1973504,http://www.promantra.us/opportunities.php#
1973552,http://www.technofist.com/career.html
1973688,http://www.siriwebsolutions.com/careers.html
1974364,http://www.rgcit.in/career-at-rgc/
1974756,http://rsninfotech.com/career.html
1974804,http://www.saaranga.com/jobs
1974846,http://www.tantrainfosolutions.com/html/openings-PLelectrical.htm
1974928,https://www.tayatech.com/careers/
1975032,https://www.ascentspark.com/careers
1975542,https://www.phenomplacement.com/job_detail.php?id=203
1975752,http://webstrokes.in/careers.aspx
1983404,http://www.ajssoft.com/careers.html
1983696,http://astermedcity.com/Career#nogo
1987056,https://www.viverointernational.com/careers.php
2028894,https://www.betasofttechnology.com/careers/
2029118,http://www.accessitsol.com/career.html
2029132,http://www.boonze.com/careers.html
2029164,http://brainyard.in/careers/
2029198,http://www.brandappz.com/careers/
2029708,http://aroequipments.com/Career_Territory-Manager-Sales-Service.php
2029764,https://www.ash-software.com/ashCareer.aspx
2030170,https://www.csia.in/careers/current-vacancies.aspx
2030196,http://www.circuitsutra.com/opportunities_esl2.html
2031242,http://www.fennectechnologies.com/career/admin.html
2031262,https://fideltech.jp/jobs/jobs/senior-vendor-coordinator/
2031448,http://smithdehnindia.com/careers.html
2031622,http://itcombine.com/careers
2032064,http://himteknoforge.com/careers.html
2032716,http://www.conacent.com/careers/
2032938,http://dthoughts.com/careers.html
2033282,http://www.elanpro.net/career.html
2033762,https://incedo.talentnow.com/Careers/SubmitResume.aspx?jpc=JPC007908
2033916,http://www.ksom.ac.in/careers/
2033986,http://knolskape.recruiterbox.com/jobs/fk01mde/
2034052,http://mrsoftwares.in/
2034188,http://leoxsys.com/careers.php
2034208,http://www.narayanrealty.com/jobopenings.aspx
2034582,https://www.malahinisolutions.com/career.php
2034602,http://www.manfin.com/vacancies.html#Receptionist
2034748,http://secure.octsolutions.com/us/careers.php
2034900,http://www.opine.in/bd_abroad.php
2034964,http://www.micromaticgrinding.com/current-openings.php
2035040,http://www.mindviewtech.com/careers.html
2035792,http://www.rojgariplacements.com/vacancy-detail-882470.htm
2035864,http://www.signandgraphics.com/careers.htm
2040562,https://www.shopcj.com/career
2040884,http://www.somyagroup.com/career
2041182,https://superiorjobs.in/JobDetails.aspx?JobID=15538&returnURL=SearchResultsPostings.aspx
2041226,http://www.swantour.com/job-in-swan-tour.php
2041314,https://www.tajpharma.com/appointment-jobs-taj-group-pharma-chemical-division.htm
2041684,http://tqmcs.in/career.html
2041868,http://www.unibera.com/current-openings/
2042216,http://www.vitalbiosystems.com/careers.php
2042252,http://www.vlogiclabs.com/career
2042578,http://jobs.jobvite.com/wri/job/o21SafwP
2246002,https://www.vaatsalya.info/career
2247216,http://www.religiate.com/senior-copywriter-work-from-home
2247436,https://wk.wd3.myworkdayjobs.com/External/job/Senior-Technology-Implementation-Consultant-2_R0002314
2247488,https://bluetokaicoffee.com/blogs/careers/junior-account-support
2247908,http://torrel.in/south-zone.html
2248136,https://jobs.smartrecruiters.com/MCMLProjectsPvtLtd/743999652840953-technician
2248422,https://i2ds.com/project/asp-net-developer-mumbai/
2248762,http://placementagency.co.in/current-job-openings-in-ludhiana/
2249208,http://www.esigmatechnologies.com/current-opening.html
2249288,https://macropace.com/careers.html
2250450,http://www.smart4talent.com/jobs/client-service-executive-in-new-delhi/
2250864,https://www.sankalpcs.com/life-sankalp/Opportunities@sankalp
2251176,http://tnes.in.talentnow.com/tmservices/Careers/SubmitResume.aspx?jpc=JPC106717
2251456,https://www.advanz101.com/careers/
2251832,http://www.aystechnology.com/career.html
2252342,http://webcommerce.co.in/index.php?option=com_content&view=article&id=52&Itemid=72
2252718,https://www.technoforte.co.in/component/cwhire/12.html?view=joblisting
2252776,http://www.technousa.com/career/opening-for-digital-marketing-manager-rohini-pitampura-delhi
2253036,http://recruitx.talentnow.com/careerX/Home/ViewJobDetail?Id=g6WQ%2fKwnuCoFdFEJudsGJTXJW6ZAbnoZP44TSD%2fqGzNoTt6xuuWsJdmBkj2uYbNM2bo9nH4M2yplQJwfyum5AnebWMAFeCVIMjhLNeACxqM%3d
2253872,https://www.jay4web.com/careers-jay4web.php
2254360,https://jobs.lever.co/paytm/e0079312-82fa-4dbf-87ee-76fbaa469bd7
2254408,http://purpledot.in/careers.html
2254456,https://jobs.lever.co/reputation/92cefb71-81cf-403d-aa8a-595f44249280
2254844,https://www.winshuttle.com/career/senior-systems-engineer-2/
2255478,https://yourstory.com/jobs/details/a1750c26-f27e-11e9-bdae-2a2ae2dbcce4
2255804,http://ampsindia.in/career.aspx
2256222,https://www.oneplus.in/careers-detail?id=0d11e1ce-ede3-4bb1-b1db-41c648a679e4
2257582,http://omya-healthcare.com/current-opportunities
2257864,https://www.axiomlandbase.in/Job-openings
2259028,https://www.gavstech.com/career/
2259922,http://cleartax.applytojob.com/apply/bOYptwQiFd/Graphic-Designer
2260430,http://www.dreamuretechnologies.com/career.php
2265896,http://www.greenwaterscience.com/careers.php
2355602,https://www.addwebsolution.com/careers
2355648,https://affle.com/job-details/21
2355796,http://www.anaghgroup.co.in/index.php/jobs/204-export-head-fmcg-new-delhi
2356040,http://www.axmiyanhr.com/job-details.php?jID=94
2356318,http://cablecorporation.com/jobopportunities.php
2356326,http://www.cadmaxx.com/cae_engineer_hypermesh_pune_032018/
2356386,http://www.careerinnovators.com/RealEstatejobs.html
2356858,http://www.dovlin.com/current_opportunities.htm
2357130,http://www.eurozapp.com/career
2357514,http://healthifyme.recruiterbox.com/jobs/fk06r2o/
2357530,https://www.helpr.in/careers
2358230,https://kodework.com/careers/sales-executive-goa/
2358824,http://neelachalbuilders.com/?page_id=41
2359002,http://www.orientalsolutions.com/careers.html
2359108,https://pencilpointdesigns.com/Careers.aspx
2359112,https://www.penguinpetro.com/career/
2359238,http://presidio.co.in/careers.html
2359354,http://quadwave.com/careers/software-engineering/
2360582,http://www.toonz.co/career.html#v24
2360630,https://trionixglobal.com/career.php
2360710,http://www.unpluggedindia.com/careers/
2360876,http://www.virilegenesis.com/careers/
2360932,https://www.vmsconsultants.com/join-us/architecture-jobs-in-ahmedabad/
2492594,https://www.indiabulls.com/career
2503876,http://www.indusschoolhyd.com/InternationalSchool/Careers.aspx
2506642,http://www.hopetrustindia.com/careers
2509466,http://www.brooklynnationalpublicschools.com/careers.php
2517946,http://www.fastcollab.com/careers/3-Aces-Koncepts/27337-Academic-Consultant-Business-Development-
2518438,https://anblik.com/about-us/jobs-and-careers/
2518714,http://www.atmecs.com/jobs/sr-executive-talent-acquisition/
2518768,https://avenuesinc.com/career-in-india
2518772,https://www.aviso.com/career/1773501/
2518940,http://bestechgroup.com/sales-head-careers.php
2518948,https://bezos.in/career/
2519184,http://www.thecaddconsulting.com/other-webpages/career.html
2519622,http://www.coresoftwares.com/Career.aspx
2519666,http://crosstab.in/careers/
2519782,http://deeds-india.com/work_with_us.asp
2519942,http://www.fastcollab.com/careers/DM-Consulting-India-Pvt-Ltd/27136-TFS-Build-Engineer-ITC-Eurofins-Bangalore
2519986,https://dpauls.com/careers/
2520016,https://www.dsmaxproperties.com/careers.php
2520166,https://www.e-helium.com/job/30
2520448,http://getfareye.recruiterbox.com/jobs/fk01inc/
2520510,http://www.flexisales.com/jobs_details.php?id=2
2520616,https://www.gadgeon.com/careers/
2520654,http://www.geminisolutions.com/people/career/
2520898,https://www.hdfire.com/job-opening.php
2521026,http://portal.aphusys.com/jobs/detail/delhi-zonal-head-730
2521504,http://www.ispatialtec.com/careers.html#Software_Engineer_content/
2521558,https://www.jampottech.com/careers/
2521620,http://www.jothisoftware.com/#career
2521878,http://www.knowledgeq.com/careers.php
2522722,https://www.netlabindia.com/career/service-engineer/
2522770,http://www.niharikaengineering.com/Vacancy%20announcement.pdf
2523026,https://www.originitsolution.com/careers/
2523146,http://www.peterpanacademy.com/careers.htm
2523216,http://career.postaresume.co.in/jobseeker/14482/urgent-opening-for-marketing-executive-business-development-executive-leading-visa-consultant
2524012,https://seoconsultindia.com/careers.html
2524404,http://www.sunmix.in/
2524868,https://www.tyresoles.com/current-openings/
2524882,http://uvconsultinggroup.com/opening.htm#
2524934,https://careers.un.org/lbw/jobdetail.aspx?id=128871&Lang=en-US
2524946,https://www.upgrad.com/blog/top-10-highest-paying-jobs-in-india/
2525206,http://www.fastcollab.com/careers/VR Careerz2/25297-CLIENT-ACQUISITION-SPECIALIST-Chennai-Any-degree-Fre-Exp
2525498,http://zenhancer.com/careers.php
2536550,https://greatwest.wd5.myworkdayjobs.com/Great_West/job/Consultant-Operations---Quality-Assurance_R0016632
2606528,https://careers.3ds.com/jobs/quality-manager-510967
2606592,https://aaryatechnovation.com/careers-inner/7/Buynuse-Creative-Graphic-Designer-Hitec-City-Hyderabad
2606826,http://allindiaonline.in/careers
2607160,https://www.bdo.in/en-gb/careers/jobs/manager-senior-manager-corporate-legal
2607552,https://jobs.lever.co/cleo/6de60f3a-e592-4a3d-ab27-b5d8b9004160
2607904,https://www.dcmds.com/job-details.html?jobuid=64
2608094,http://easylearning.guru/career/technical-trainer
2608310,https://tribalfusion.secure.force.com/position/?id=a0P3700000ALEy7EAH
2609080,https://infinityadvt.zohorecruit.com/recruit/PortalDetail.na?digest=sjYpOCuylUyStLdqmxk1rnGAUnkE7bVo.a85bxdBEmQ-&iframe=false&jobid=519942000000623003&widgetid=519942000000072311&embedsource=CareerSite
2609316,http://careers.jivainfotech.com/?jivacareer=software-engineer-magento-1-3
2609818,https://careers.mmc.com/job/gurgaon/analyst/4886/11029157
2609822,http://www.marshtechnologies.net/gallery.html
2609926,http://www.midwestgranite.com/careers.html
2610000,https://moneyview.in/careers
2610192,http://www.nexusmanpower.in/vacancy-detail-652187.htm
2610480,http://www.pentagon-services.com/hr-services/job-details.php?jid=414
2610978,http://ropalsoft.com/careers.html#
2611050,http://tnes.in.talentnow.com/saimanagement/Careers/SubmitResume.aspx?jpc=JPC106087
2611150,https://secureyes.net/job-detail.aspx?jobid=12
2611330,http://tnes.in.talentnow.com/smartset/Careers/SubmitResume.aspx?jpc=JPC105722
2611678,http://synergy.co.in/careers.htm#openposition
2611928,https://www.theyellowdoorstore.com/we-are-hiring
2612044,http://trivium-esolutions.com/careers/
2612160,http://valueplus.in/careers.html
2612250,https://www.viaante.com/careers/current-openings/
2612422,https://www.webware.io/pages/footer/french-speaking-account-manager
2612506,https://my.zartis.com/woodstock-school/jobs/53320/ib-dp-computer-science-and-myp-design-teacher-mussoorie
2612574,http://www.yogihotels.com/career.php
2612598,https://zealitech.com/jobs/Employeers/Singlejob?id=95
2612614,http://www.zerobugz.com/careers/
2620080,http://www.mayohealthcare.co.in/career/
2620190,http://www.sharpsight.in/careers.php
2687700,http://www.brcmschool.edu.in/vacancy.html
2692640,http://www.jaypeehealthcare.com/careers/current-opening/
2700716,http://www.fastcollab.com/careers/Thavern-Career-Consultants/26243-Reservations-Executive-
2700756,http://www.symmetrical.in/job-details/teat-ios
2700940,https://www.infochola.com/about-us/careers/
2701664,https://www.fastcollab.com/careers/IB-Services-and-Technology/27290-UIDeveloper-Lead
2701836,http://www.fastcollab.com/careers/Wachstum-Consultants/24208-Executive-Assistant-Personal-Assistant-CEO-Males-only-
2701916,http://www.fastcollab.com/careers/Ashlok-Safe-Earthing-Electrode-Limited/23785-Required-Electrical-Electronics-Instrumentation-Engineers
2702008,https://www.fleming.co.in/careers.html
2702068,https://www.jktyre.com/currentopening.aspx
2702526,https://cornerstone.csod.com/ux/ats/careersite/2/home?c=cornerstone#/requisition/4434
2702896,http://netisoftware.com/careers.html
2721152,http://www.sri-india.com/job-detail.html?current_opening_id=179
2750818,http://www.nuhospitals.com/careers/
2787346,http://artisark.com/careers.php
2787502,https://buoyancy-consultants.jobsoid.com/j/24549/sr-design-engineer-outfitting
2787590,https://www.codeclouds.com/current-openings/
2788288,http://www.mobtecnica.com/career-info.php?type=ios
2788308,http://www.nhgoel.com/current-openings-detail.aspx?mpgid=60&pgidtrail=62&jobid=4
2788408,http://www.orionesolutions.com/we-are-hiring/
2788612,https://semconindia.teamtailor.com/jobs/790637-mechanical-engineer-simulation-walkin-interviews-at-semcon-india-office-7th-december-2019
2788620,https://www.sevenlakes.com/careers/
2792790,https://www.jklu.edu.in/careers/assistant-professor-for-maths
2861202,http://www.jagori.org/vacancies-jagori-jan-2019-research-and-policy-consultant
2861526,http://jobs.vsdtechno.com/sap-business-objects/
2902210,https://aclmobile.com/careers
2902490,http://www.green-byte-web.com/career/
2902554,http://incred.recruiterbox.com/jobs/fk06pix/
2902722,http://miraclehrs.in/jobdetails.php?n_id=524
2902782,http://www.parkconsultants.in/current_opening_details.aspx?job_id=6
2902794,http://personalnetworkindia.com/applications.php
2902826,https://www.protera.com/job/systems-engineer-level-2/
2902986,http://www.stepuprecruiters.in/vacancy-detail-381029.htm
2902994,http://www.trchadha.com/index.php/careers/#1450704824262-96a48504-105b
2949912,http://connect.talentnow.com/Careers/SubmitResume.aspx?SJC=SJC000242775&SGC=SGC000027623
2950016,http://www.prfreelancing.in/vacancy-detail-372887.htm
2950032,https://simplisticsolutions.in/careers
3006062,https://www.pervacio.com/sr-software-engineer-ios/
3006166,http://www.fastcollab.com/careers/TRIUMPH%20HONDA/26692-RECEPTIONIST-IN-MANESAR
3051066,http://www.techzenon.com/career.php#
3051246,http://technocareertips.com/
3051286,http://www.10jobs.co.in/vacancy-detail-392987.htm
3092160,http://kasconsultancy.org/job/administrator/
3092204,http://www.aquaprocessindia.com/careers.php
3109968,http://sanghvi.recruiterbox.com/jobs/fk06a87/
3109980,https://gemalto.taleo.net/careersection/ex/jobdetail.ftl?job=96896
3110018,https://rkmg.in/Job-Search.aspx
3110022,https://www.mantena.in/careers.html
3111054,https://careers.vedicsys.com:4433/careers/index.php?m=careers&p=showJob&ID=303
3111074,https://jobs.jcp.com/jobs/4757949-senior-engineer-2
3111242,http://www.imageil.com/careers.asp
3111262,https://www.saraswatiglobal.com/currentopening/
3111646,https://hotelbedsgroup.wd3.myworkdayjobs.com/HBG_Careers/job/CRC-Executive_R-00012588-1
3111874,https://w3softech.com/career.php
3112132,http://www.dbskkv.org/pdf/Recruitment/Assistant%20registrat/Assistant%20Professor%20Advertisement%20December%202016.pdf
3112704,http://sachargaming.com/careers.html
3112910,http://umangengineering.net/?page_id=1594#commercial-executive
3114144,https://ibsintelligence.com/uncategorized/research-analyst/
3125146,http://DDcotton.recruiterbox.com/jobs/fk0zvr/
3125194,https://exigent.workable.com/j/456E6B8DD3?viewed=true
3125320,https://nbacareers.nba.com/job/Mumbai-Executive-Assistant-to-the-Managing-Director%2C-NBA-India-Maha-400013/577507001/
3125468,http://targray.applytojob.com/apply/wP3SNuyxWc/Risk-Associate
3153208,http://www.betatechsolution.com/carrer.aspx
3153388,http://www.monnet.co.in/career.php
3153642,https://www.provensec.com/career/
3153722,http://www.guires.com/career/ui-ux-designer/
3153738,http://www.josoftech.com/career.html
3153758,http://www.prodesta.in/job.php
3153766,http://www.sw-at.com/career.php
3153946,http://www.scsuniversal.in/vacancy-detail-371899.htm
3153966,https://manipalglobal.com/mage/careers/current-openings.html
3154054,http://netbiz.in/career.php
3154082,http://www.ycook.in/Career.aspx
3154126,https://www.helloholidays.in/career.php
3154230,http://www.msc.ind.in/Career.aspx
3156458,https://www.welcomecure.com/current-opening
3156474,http://www.shanvistaffing.co.in/vacancy-detail-556168.htm
3156558,http://www.eai.in/ref/careers/careers.html#research-intern
3186184,http://www.medidentjobs.co.in/vacancy-detail-832865.htm
3186212,http://www.ascribehr.in/vacancy-detail-417140.htm
3186228,http://www.careermove.co.in/vacancy-detail-499728.htm
3186232,https://www.tdsindia.co.in/vacancy-detail-885335.htm
3186272,http://www.riderplacementservice.in/vacancy-detail-659105.htm
3190650,https://www.meritgroup.co.uk/jobs/perl-developer/
3202454,http://acsconsulting.com/about/bdmanager/
3212180,https://pernodricard.wd3.myworkdayjobs.com/pernod-ricard/job/Category-Head---Royal-Salute--Malts---Martell_JR-001448-1
3219880,http://www.sundarambizserv.com/careers.aspx?con=in
3220620,https://www.thinkphi.com/careers
3220640,https://careers.tvsnext.io/#!/job-view/business-development-us-region-chennai-tamil-nadu-india-201906101655196
3220844,https://deepwater.wd1.myworkdayjobs.com/GlobalExternalCareerSite/job/Senior-HSE-Engineer_R101856
3221026,http://www.shreerajtechnologies.com/careers
3221052,https://www.glionconsulting.com/careers/
3235930,http://www.prima-international.in/jobsboard/jobdetail.php?jobid=582
3235998,http://healthlantern.com/index.php/index/career
3236022,https://www.velocitabrand.com/career.php
3236220,https://www.venture-care.com/career/
3236234,http://www.i-5solutions.com/careers/
3236356,https://www.lappypad.com/career
3248078,http://talentadvisors.in/jobs/service-advisors-british-airways-2/
3288970,http://www.launchpd.com/career.html
3289046,https://www.gatistavamsoftech.com/Career/Job-Listing
3300164,http://www.fastcollab.com/careers/Friendsmoo-Info-Media-Private-Limted/23506-Graphic-Designer-Freshers
3310624,https://www.omsoftware.net/careers/job-details/ui-ux-developer
3310992,https://inexgen.com/job-openings/
3311132,https://dazeworks.com/careers/senior-lightning-developer/
3323974,http://www.cunixinfotech.com/current-openings/#1476560310104-799220fc-0207
3333094,https://www.corporate1.in/jobs/PC9-Q7U-KRF/angularjs-developer-in-jaipur-rajasthan
3359888,https://www.conativeitsolutions.com/careers/
3389506,https://kotakhrms.taleo.net/careersection/kotak+external+job+portal/jobdetail.ftl?job=147505&lang=en
3391478,http://www.royalscareersolutions.com/vacancy-detail-534623.htm
3391522,https://www.digilantern.com/career/
3391530,http://www.itmantra.com/work_with_us.php
3392498,http://www.fastcollab.com/careers/TeachersRecruiter/24669-Required-Teacher-for-CBSE-School
3401210,https://ridecell.com/about/careers/?gh_jid=847018
3408480,http://www.rudrabuildwell.com/careers-openings.asp?lk=ca2
3408580,http://www.arrelic.com/career/job-apply?jobid=3013
3408584,https://rakuten.openings.co/#!/job-view/associate-systems-engineer-bangalore-karnataka-india-2019091715333470
3428890,https://indiashelter.in/hr-job.php
3428922,http://www.placementmadad.com/vacancy-detail-738403.htm
3441744,http://www.aitsindia.co.in/vacancy-detail-880278.htm
3441780,http://www.unimaxplacement.com/vacancy-detail-880521.htm
3441784,https://www.ytsolutions.in/vacancy-detail-527040.htm
3442612,http://www.ascendhr.in/jobs/relationship-manager-leading-insurance-broking-company-hyderabad-location/
3472490,http://www.ankitaenterprises.net/vacancy-detail-858339.htm
3472494,http://www.adroittrainers.in/vacancy-detail-342133.htm
3475936,http://maujaipur.org/career
3499660,http://www.nebulacompanies.com/careers.php
3499664,https://www.gaiansolutions.com/front-end-developer-in-hyderabad.aspx
3499748,http://ttravelmint.com/more-info-SE-windows.html
3499772,https://www.globaltechpie.com/Careers.aspx
3500000,http://adpay.net.in/vas-mumbai.php
3500230,http://www.indimedi.in/jobs/detail/sr-odoo-developer-16
3500246,https://www.rightturn.co.in/career.php
3500374,http://witsow.com/jobs/word-press-engineer/
3500566,http://perfectitservice.com/career.aspx
3500574,https://www.vconnexservices.com/career.html#
3500646,http://www.collanomics.net/2016/01/17/ui-designer-and-visualizer/
3500754,https://glidemtech.com/careers/
3501082,http://exceego.com/careers.html#alljobs
3501486,http://www.mediteksystems.com/career/#1484582047789-da27a85c-029a
3501928,http://auxicon.com/index.php/careers/
3502014,https://www.smartrecruiters.com/CybertecInc1/112684591
3505052,https://www.pacificbpo.com/careers/jobs-india/noida/medical-coding-auditor-surgery-coding
3507992,http://www.dbm.in/currentopening.html
3508028,http://www.rajtvnet.in/Raj_Net/Careers.aspx
3514714,https://appitsimple.com/current-opening
3542042,http://www.xpresscareersconsulting.co.in/vacancy-detail-348046.htm
3546206,https://www.faircent.com/careers/job_detail/29
3560886,https://www.themachan.com/careers.php
3560922,http://miscos.in/career.php
3560996,http://www.tefugen.com/index.php/careers/
3569868,http://www.innovationtechnologies.in/vacancy-detail-386042.htm
3574336,https://www.rgcirc.org/apply-now/?id=7510
3574816,https://www.shribalajihospital.com/career.html
3575348,https://www.bhatiahospital.org/about-us/career-apply/registrar-surgery
3575596,https://onphospitals.com/jobs/job-pediatrics-doctor-2-2/
3576602,http://www.madaanhospitals.com/id182.htm
3576690,http://www.nmmedical.com/careers-department.html
3576754,https://www.novaivffertility.com/jobpdf/2018/NIF-Executive-Customer-Care.pdf
3582222,https://globalspace.in/career.php
3582334,http://powermaxgroup.net/career/
3582574,http://www.e-rachit.com/careers
3583116,http://aboutall.town/career.html#
3584974,http://www.arkray.co.in/english/recruitment/section_in_charge_assistant_manager_packing.html
3585230,http://www.awzpact.com/currentvacancies?keyword=#
3586158,https://ghc.wd1.myworkdayjobs.com/KTP_Careers/job/Help-Desk-Agent_JR203249
3586506,http://jobs.dana.com/job.html#?id=1244
3587482,https://www.fitnessfirst.net.in/about-us/careers
3591840,https://rina.altamiraweb.com/jobs/Senior-Civil-Structural-Engineer-Energy-Operations-INDIA-MUMBAI-175423439.htm
3592136,https://sbicard.taleo.net/careersection/sbic_external_career_section/jobdetail.ftl?job=36321
3593476,https://online.triniti.com/index.php?option=com_jobboard&view=job&id=62&catid=1&lyt=list
3595174,https://www.indiabizforsale.com/careers
3595928,http://www.transasiatec.com/contact
3595988,http://www.terraintravellers.com/user_module/career
3596214,https://www.ixigo.com/about/careers/customer-happiness-executive/
3596518,https://workshaala.com/careerdescription
3596694,http://www.luxus-india.com/careers/#
3597084,https://www.gempundit.com/careers
3597116,https://www.giveter.com/about#jobs
3597212,https://www.techyuga.com/career/
3597236,https://www.appworldin.com/careers/
3597264,https://www.researchfox.com/careers-senior-analyst
3607746,https://tapchief.freshteam.com/jobs/Iufm8uhCq41w/network-development-associate
3608132,https://www.qwikcilver.com/jobs/software-engineer-net-developer/
3630090,https://www.clarionchennai.com/careers.php#content
3634974,https://www.lordshotels.com/career
3642820,http://www.balaniinfotech.com/job/product-associate/
3643626,https://acestranetworks.com/careers
3643662,http://www.anytimesoftcare.in/career
3643682,http://coevolvegroup.com/careers.html
3643898,https://infrrd.ai/careers
3646946,https://wavelabs.zohorecruit.com/recruit/PortalDetail.na?iframe=true&digest=f5NPnZWfVbVEwzx0RcWGsHGAUnkE7bVo.a85bxdBEmQ-&widgetid=371351000000072311&jobid=495597000002042147
3649672,http://www.pathlab360.com/career.html
3652466,https://www.cogdigital.com/career.php
3653114,http://www.kamaksha.com/via/careers.htm
3653674,http://www.limestem.com/career
3653778,http://www.milliicent.co.in/careers.php
3653820,http://mspringinfotech.com/job-view/56
3655556,http://www.wadpack.com/careers/
3655572,https://www.webstep.in/careers/jobs-opening/
3655768,https://rainbowpreschools.com/careers/
3655976,https://www.techknomatic.com/careers
3655984,http://www.ascensiveeducare.com/current-vacancies/
3656040,https://www.nals.in/careers.php
3656256,http://www.seahawkoverseas.com/career/
3656260,https://ypointanalytics.com/join-us/
3656264,http://tecknotrove.com/careers/current-job-openings/
3660254,http://cyclotis.com/views/careers.html
3660298,https://derbymen.com/careers/
3660614,http://greenwichlogistics.com/career.php
3661070,https://www.innovacconsulting.com/careers
3663972,https://www.repl.global/careers/
3664282,http://www.ssinfotech.org/home/career.php
3666374,https://www.trailblazersindia.com/careers
3666508,https://vninfosoft.com/career.php
3666566,http://www.webwings.in/careers/open-job-opportunities/
3669170,http://www.beautyparlors.co.in/Career.aspx
3669808,http://fabgear.in/career.php
3671896,https://identixweb.com/career/
3672262,https://www.leapforword.org/
3672282,http://www.lilleria.com/marketing.html
3672530,http://zontiagroups.com/careers/
3676794,http://www.sudarshangear.in/career.html
3677000,https://rssquarz.com/career/graphics-designer/
3679080,http://www.zinet.in/Career
3681394,https://cwebconsultants.com/apply-for-hr-recruiter.html
3681738,http://www.fastcollab.com/careers/Indian-Institute-of-Career-Placement-/23560-Business-Development-Executive-BDE-
3717032,http://sarda.co.in/index.php/jobs/tracker-assistant-2/
3724488,http://www.aceteltechnologies.com/career_form.php
3724660,http://aadox.com/career.php
3724808,https://wabtec.wd1.myworkdayjobs.com/wabtec_careers/job/Application-Operations-Engineer_R0029213
3733232,https://www.meenakshipolymers.com/carrerdetails.php?id=59
3737674,http://www.webrelier.com/Career.php
3737858,http://www.grepthorsoftware.com/careers/
3748200,http://www.vividcareers.co.in/vacancy-detail-807061.htm
3760234,http://www.hykonindia.com/Career-List
3763664,http://www.qaiglobalservices.com/careers/assistant-manager-finance-and-accounts/
3779788,http://www.apextarmac.com/career
3803124,http://www.jobpledgeconsultants.com/vacancy-detail-640547.htm
3820840,http://hackerearthjobs.recruiterbox.com/jobs/fk01m9x/
3820886,http://nvico.recruiterbox.com/jobs/fk0f6ws/
3824890,https://www.novelvox.com/careers/jobs
3825146,https://www.techizerindia.com/positions/phlebotomist-lab-technician-coimbatore/
3827804,http://capricornlogistics.com/careers/current-openings/
3829246,https://www.sukino.com/Career
3830158,http://itq.in/career
3830250,http://www.helloloads.com/careers.aspx
3832764,http://relentsoftech.com/relent-software-technologies/career.php
3832768,https://www.itsgwalior.com/Job/find-job
3833786,http://www.nolteindia.com/careers_opening
3834738,http://www.vebdesignsolutions.com/current-openings/
3836554,https://www.18thparallel.com/careers/
3863828,https://jobs.smartrecruiters.com/Verisk/743999699958930-hr-systems-administrator
3864384,http://www.suntechnologies.com/jobs/search_job_details.php?job_code=10932
3864920,http://sigmastaffing.co.in/Openings.aspx
3865194,http://www.tirumalasevenhills.com/career
3865770,http://tnes.in.talentnow.com/v-konnect/Careers/SubmitResume.aspx?jpc=JPC105426
3866006,http://www.wruksham.com/career/types/currentopenings
3866086,https://www.akscellenceinfo.com/careers
3866354,http://www.gsspartners.net/latest-openings.php
3866366,http://genesysconsulting.in/career-with-us.php
3866698,http://pnrsoftsol.com/jobs/sap-basis-administrator_thane_4-5-yrs/
3883644,http://www.vuykont.in/jobs/Estimation%20Engineer
3883656,http://recruitment.etvbharat.com/Etvbharath_careers/careers
3883736,http://www.inthrallconsultancy.com/opening?code=55
3883836,http://starnel.com/view-openings/#1507706663473-bd710c2d-007d
3884028,https://bhavnacorp.com/carr.html
3884212,https://navi-visaglobal.com/current-opportunities
3884270,http://www.okdaconsultancy.com/vacancy-detail-436481.htm
3884362,https://www.paatham.in/careers
3885434,http://www.captaincube.com/apply-job/
3904610,http://www.morphogenesis.org/contact-us/work-with-us/
3925094,https://www.stanventures.com/careers-content-manager.html
3930308,https://aicpa.taleo.net/careersection/jobdetail.ftl?job=20000002&lang=en
3930748,http://www.nalandacorporateservices.com/?post_type=jobs&p=8693
3935766,http://www.itek.com/careers.html
3939252,http://www.pamac.com/career.php
3939606,http://www.testyantra.com/careers
3940458,https://careers-milestonepowered.icims.com/jobs/10177/jobdetails/job
3944114,http://efsl.in/efsl/career/
3947004,http://careers.toolyt.com/business-development-executive-enterprise-saas-sales-bangalore-22155/
3951090,http://nwareindia.com/in/careers/uxui-designer/
3951180,http://www.gephels.com/career.php
3951194,https://jaksonhospitality.com/jakson-hospitality/careers.php?p=385
3951302,http://www.technobitsdigital.com/career
3951578,https://infimetrics.com/careers
3951840,http://iconcontrols.net/career-pdf/sales-marketing-engineer-2019.pdf
3952044,https://instanceit.com/career
3970804,http://www.dotcomcreations.biz/career/
3971004,http://arcmaxarchitect.com/current-jobs/
3975586,https://recruit.zohopublic.com/recruit/PortalDetail.na?iframe=true&digest=19Uw4VRm3KQFMFLQtERmMXGAUnkE7bVo.a85bxdBEmQ-&widgetid=371351000000072311&jobid=409562000001260203
3980780,http://www.allindiasolutionservices.in/vacancy-detail-844675.htm
3995540,http://kshemapower.com/join-kshema.html
3998076,http://www.ibsplacement.in/vacancy-detail-745021.htm
3998694,https://chm.tbe.taleo.net/chm04/ats/careers/requisition.jsp?org=IFPRI&cws=1&rid=2057
4014382,http://www.hitechprintsolutions.com/career.html
4019812,https://www.asdc.co.in/career
4022500,http://agilifitech.com/careers/
4022956,http://www.velocitygroupinc.com/careers-current-openings.htm#Director_of_Sales
4023052,https://www.w3villa.com/company/careers/business-development-executive-online-bidder
4023304,http://www.exceyon.com/careers.php
4023424,https://www.techjockey.com/company/careers
4023584,http://ramsheelagroup.in/career
4023592,https://www.thesiliconpartners.com/jobs/sap-co-consultant/
4034086,https://suproinfo.com/jobs/bdm-surat
4064376,http://jmbliss.com/
4066430,https://www.pratititech.com/careers/technical-lead-j2ee
4074402,http://finova.in/career.php
4074512,https://www.arthan.in/work-with-us
4074600,http://www.camellia.net.in/career.php
4074782,http://tecnetworld.com/Career.html
4074882,https://accurategensets.com/career.html
4075560,http://visionevents.biz/career/
4075672,http://www.xiphitech.com/join
4077146,https://www.tantrasoftsolutions.com/careers.html
4089396,https://www.ramco.com/careers/Jobs/HCMProjectManager/HCMPM001
4098432,https://www.arcjobs.in/vacancy-detail-615581.htm
4098594,https://rapido.fastpad.com/opening/a0ef8006-209b-11ea-888c-f7d481fe4e38/details
4099558,http://www.loghrc.com/hot-jobs.html
4124008,https://careers.alibaba.com/positionDetail.htm?spm=a1zc5.8271555.0.0.7cf212227Dovyq&positionId=uzVQ3tJkq8A3bO0vepD_Pg%3D%3D
4125558,http://www.ars.net.in/vacancy-detail-620473.htm
4139398,https://enterslice.com/career-for-ipcc-fresher-or-ca-inter-article-ship
4152656,http://www.devsoft.in/careers
4153306,https://www.techiesys.in/career.html
4162696,http://mizpahsoft.com/about-mizpahsoft/careers/#view_current_opening
4162904,http://coevolvegroup.com/careers.html
4172300,https://www.pearlmedia.in/career
4172348,https://www.techcronus.com/career-current-openings/
4188862,https://www.rmadeindia.com/apply_job?job_id=4&jobtitle=Sales%20and%20Service%20Engineer
4189002,http://www.yeldi.com/JobList.aspx
4203176,https://jobandresourcecorner.in/jobs/hr-executive/
4203348,http://www.tecpact.com/careers/
4204510,https://www.indianpac.com/join-team/
4205264,http://www.gswebsolutions.com/careers.html
4205288,http://www.adroitinfoways.com/career.html
4222752,https://www.techbrosoftware.com/careers
4222780,https://visitnetworld.com/jobs-in-rajkot/
4227010,http://www.samsungengineering.com/careers/joinUs/site/detail
4227054,https://www.nthrive.com/careers-in/career-areas#claims-processing
4240238,http://www.idmagroup.co.in/careers.html
4255656,https://www.ctechlab.com/contact.php
4281534,https://www.4petneeds.com/job-openings/back-office-executive
4281728,http://buzztribe.net/career.php
4281968,http://sanketcommunications.in/about/jobs/
4305164,http://bpsp.in/career
4305844,http://www.hiringsign.com/job/cybersecurity-senior-project-manager/
4306074,https://www.lycadigital.com/careers/#
4313872,http://foresight.net.in/Career_Us.html
4314186,https://www.lakdi.in/careers/#current-openings-4
4314402,https://www.paynet.pro/careers-paynet
4321030,http://digimarketerz.com/careers/
4344706,https://careers.hirexp.com/j/5040
4354022,http://kareindia.com/careers
4354380,https://careers.initiative.com/job/INITGLOBAL96/Initiative-Media-Manager
4355454,http://easyflex.in/careers/
4371462,http://www.idsfinance.in/careers.php
4372070,https://jaknetwork.in/career.html
4372286,https://somprofacilities.com/vacancy/finance-executive-accounts-executive-accounts-officer/
4372302,https://www.ttecjobs.com/en/position/desktop-support-associate-technician-ahmedabad-gujarat-india-2
4373030,https://www.timesworld.in/jobs/research-engineer/
4419296,http://www.itechanalyticsolutions.com/current_openings.php?pg=Current%20Openings
4426878,http://www.westonhrconsultancy.com/current-job-opening/#contact-form
4427122,https://www.rightfitresources.in/vacancy-detail-623965.htm
4468922,https://clevertize.com/career.php#career
4469328,http://www.kondodyautocraft.com/career.php
4472022,http://indihood.com/careers
4475184,https://www.fflspl.com/careers/job-detail/56/web-designer-ui-designer-senior-web-designer-andheri-east-
4479384,http://navabarath.com/junior-research-fellow/
4479444,https://www.balajimediagroup.com/career.php
4485536,https://www.athmin.com/career/business-development-executive
4491898,http://splashlearn.recruiterbox.com/jobs/fk031fq/
4500566,https://www.innovium.com/job/software-engineer-multiple-positions/
4521670,http://www.kivicapital.in/download/Quantitative_Researcher_JD.pdf
4527918,http://careproglobal.com/cpg/internship/details1.php?id=100
4527950,http://www.realctbusinesssolution.in/vacancy-detail-747705.htm
4529758,http://www.jobsnta.com/job-details.php?id=830&job-title=Business%20Development%20Manager%20-%20B2B%20Sales
4529778,https://www.firststepfirst.co.in/job_details6.html
4541426,https://vhunt4u.com/careers
4541908,https://www.cnhrc.in/viewJob/6
4542732,https://wmksoftsolutions.com/career/
4550396,https://www.obabuji.com/career.php
4550820,http://winterglot.com/Careers
4551224,https://zeusorthocare.com/careers/
4552508,https://www.xpetize.com/job/java-back-end-developer/
4554936,https://www.starkdigital.net/careers/jr-php-developer
4556512,http://ysyassociates.com/career.php
4558250,http://hireme.com/jobs/freelance-online-english-teacher/
4562468,https://careers.tadigital.com/jobs/ui-architect/
4571112,https://jobs.lever.co/roundglass/9e7141b2-22fd-4228-bb2f-a6fd6cb1baf6
4571388,https://www.inmorphis.com/career-connect/
4571492,http://www.sollogics.com/careers/
4572330,https://www.niletechnologies.com/careers/
4572634,https://paygyft.com//
4578090,http://www.symphonize.com/careers
4582524,https://www.india.rgf-professional.com/jobs/4074-functional-project-manager-mumbai
4588738,http://adofgames.com/
4590710,https://sysinfra.in/index.php/current-openings/
4594680,https://www.otmlabs.com/job-details.php?id=47
4602566,https://www.7medindia.com/careers/#managerhr
4606464,http://www.infrany.com/careers.php
4606508,http://www.optirise.in/career.php
4606520,https://www.darzioncall.com/career/
4608502,https://www.raoconsultants.com/career/
4609918,https://grewon.com/portfolio-item/web-developer/
4613066,https://www.patsav.com/apply-for-job/?gettype=telecallers
4625156,https://kosherproctor.com/careers
4625288,https://www.theindianiris.com/careers/
4625360,https://www.trivenigroup.com/career-water/current-openings.html?view=list&id=4&fid=3
4631438,https://phoenixrobotix.com/career
4632288,https://www.kvmsindia.com/career.php
4639574,http://www.optimismitsolutions.com/jobs
4649584,http://www.orissadoot.com/career.html
4649656,http://periurja.com/careers/
4649732,http://www.psaviation.in/career.php
4649740,http://www.punjstar.net/career.php
4649804,http://www.reqstech.com/job-description-2/
4650940,http://isowhiz.com/careers.php
4651840,https://www.rijemssolution.in/vacancy-detail-728309.htm
4652960,http://fairdealfacilities.com/require-loan-officer-at-khar-location/
4653016,http://www.epacc.in/current-job-opening/#contact-form
4653076,http://www.ailabs.in/blog/jobs/data-scientist/
4656380,https://www.delianttechnologies.com/careers.html
4656476,http://www.5knetwork.in/career.html
4666262,https://www.simple2trade.com/Home/ChennaiOpenings
4667444,https://careers.phenompeople.com/us/en/job/1026/Product-Development-Engineer-II
4674594,http://www.wowidea.in/current_jobs#
4675394,https://spirientstaffingsolutions.com/customer-retention-specialist/
4677358,http://www.superlativesolution.com/current-openings.html
4680874,https://www.intuz.com/careers
4680914,https://www.evergent.com/careers/
4682754,https://www.exclogy.com/job-post/00025596791-Senior-manager
4682794,http://www.rnltechnologies.com/home/careers
4684522,https://joyshotels.com/career/
4684560,http://www.crimsoncareers.in/current-vacancies/jd-1
4684898,https://careers.fincity.com/job_description/896886
4685450,http://recruitx.talentnow.com/careerX/Home/ViewJobDetail?Id=OY0KXozAIKB87OXTWZpefpobd2rCDWJE1saJ8A4K7yDBfoSwuQ0jjjRr4H7sC%2bo64vjWrjeEXXl87EEvcTascQ%3d%3d
4685490,https://www.onometra.com/careers.php
4685834,https://itorizon.com/job/analyst/
4685956,https://ainuindia.org/more/careers/
4686208,http://www.finonyx.com/careers/
4686812,https://www.alwaysbest.co.in/jobs/details/405
4688176,https://nucleosystech.com/career/
4699756,https://celebal.zohorecruit.com/recruit/PortalDetail.na?iframe=true&digest=kCnsawjEEvlt@I@Ytrd@hW.p5GoedId8@xw5VsgKShg-&widgetid=371351000000072311&jobid=482022000000303012
4700120,https://www.toptal.com/dot-net/job-description
4702346,https://www.t2scareers.com/
4713942,http://www.mvsindia.org/career
4713994,https://www.apeiron.global/career
4728654,http://chandigarhrecruiters.com/job/?id=NTQx
4734866,http://electrovese.com/careers/
4734906,http://www.claviussolutions.in/vacancy-detail-676405.htm
4736270,https://www.marketanalyst.ai/career
4737090,https://recruitx.talentnow.com/careerX/Home/ViewJobDetail?Id=8wV8UWNQEsjVof44PX9n%2ftlblNe57HDV2f3E6AbtQVA4%2fm7SGtvJJogV4qoiavyNScnSls0Mw6qNdsqVWBp7uw%3d%3d
4739072,http://www.yashsquare.com/job-seekers/jobs-in-chennai/php-laravel-developer-jobs/
4749822,http://www.littlekangaroos.com/careers.html
4750166,https://oasisindia.in/who-are-we/careers-2/
4767110,http://www.parahittech.com/career
4772280,https://www.mentebit.com/career.php
4774298,https://blanccollc.bamboohr.com/jobs/view.php?id=94
4794522,https://www.samaritaninfotech.com/careers-jobs-it-companies-india.php
4799764,https://www.satyanamsoft.com/CurrentOpening
4816546,https://careers.pvh.com/corporate/global/en/job/R14680/Senior-Manager-Business-Solutions
4819910,https://htistelecom.in/career/
4820140,http://www.mclene.com/careers.php
4820516,https://santramholidays.in/career/
4820572,http://www.sigmato.com/careers
4823722,https://www.mycareerlift.com/career_content.php
4829394,http://skinfracons.com/pages/current-job-openings.html
4829414,https://www.riya.travel/careers/job-search
4830174,https://www.samagra.co/data-analyst/
4830254,https://eclature.com/devops-engineer/
4833138,http://mechshaft.com/careers/
4833364,http://citronsoftwares.com/Career.aspx
4833842,https://www.mindmerchants.co.in/careers.php
4833956,https://www.sukriti.ngo/career.php
4838194,https://www.tapplent.com/openings?param=ios
4839964,https://www.signaturesattva.com/current_opening
4841040,http://digitaljao.com/careers.php
4844322,http://www.samridhigroup.co.in/career.php
4849006,http://www.premierhealthcare.co.in/careers/
4849792,https://beyondalphabets.in/careers.html
4850482,https://www.toours.com/jobs/job/details?id=5
4850716,https://www.acrifab.co.in/jobs.html
4852290,http://www.gmlsoftlabs.com/career/
4870488,https://www.apollohl.com/jobs/senior-executive-finance-accounts/
4870762,http://brightesourcing.com/positions
4870802,https://bytelabz.com/career/
4871844,https://itficial.com/career
4871990,http://www.kingslabs.com/business_analyst.html
4872432,https://www.sharanalayaschool.com/careers/
4873398,https://www.udaansociety.org/careers/
4873842,https://www.microexcel.com/careers/senior-sharepoint-developer/
4881310,http://bhoomiagroindustries.com/carrer.php
4881596,http://www.bninfra.com/html/careers.htm
4881792,https://www.orphiusgroup.com/join-us/GraphicIllustrator
4887850,https://bkpmg.com/jobs/biomedical-engineer/
4889432,http://www.espertopayroll.com/payroll_career.php
4891320,http://suseehomes.com/careers/
4892050,http://phoenixaviation.in/careers/
4896154,https://mytravaly.com/career
4896198,http://powerwingroup.com/powerwin03/careers/
4896598,http://www.unitedheat.net/carrers-united-heat-transfers-india-nashik-ambad.htm
4903376,https://mantech.in/career.php
4903590,https://www.srinivasafarms.com/career/
4907474,http://nissiwood.com/careers/
4907694,https://whiteklay.com/company/career/
4910700,http://www.drgsecurity.com/career/
4922514,https://www.softaculous.com/careers
4924484,http://www.fraction.tech/career
4925078,https://nettv4u.com/site/jobs
4925246,https://www.bananaip.com/ip-news-center/tag/manager-jobs-in-bangalore/
4925828,https://www.planetwildlife.com/careers?width=460&height=480&inline=true
4926022,http://www.parsbem.com/2018/10/23/digital-marketing-executive/
4926396,http://ensysindia.com/careers.html
4929868,http://www.buyerinternational.com/career.html
4930454,https://www.shineinfosoft.in/career
4930706,https://www.nebulacompanies.com/careers.php
4945668,http://www.xlrsolutions.com/hr-role/
4945784,https://www.alevantindia.com/career/
4949962,https://www.honecore.com/wp-content/uploads/2019/12/JD-PPC-Executive-PNQ.pdf
4962518,https://asiacareers-ogilvy.icims.com/jobs/5941/jobdetails/job
4965406,http://ostron.in/apply_job
4969640,https://www.absolutebarbecues.com/career-opportunities
4975920,http://wriassist.com/#career
4976288,http://www.efrog.com.au/
4977444,https://www.ceeco.in/career
4978788,http://www.ijobcenter.com/VacancyDetailBeforeLogin.aspx?id=6UXFjawDCpw=&cid=4aoQKRlFJCD7drvg6Y7mjjd5mZ+/rUUt
4981620,https://jubeerich.com/careers/
4985706,https://www.ansiimpex.com/careers/#
4985726,http://arthafilms.com/careers/
4985750,https://www.barandbench.com/careers
4993238,https://www.ripplemart.com/careers.html
4998714,https://advithconsulting.in/docs/Current%20Openings_Advith%20Consulting%20LLP_APC%20&%20DT_AM_220219.pdf
5002496,http://launchpd.com/career.html
5011432,http://www.bluelife.co.in/area-sales-manager.php
5013394,https://shl.wd3.myworkdayjobs.com/SHL_Careers/job/Technical-Architect_JR000785
5016252,https://candortextiles.com/jobs/store-keeper/
5031518,http://impetus.logicontech.com/Career.html
5033116,http://www.iibeonline.com/jobs.html
5034526,https://www.starlasertechnology.com/jobs.html
5034578,http://lidolearning.recruiterbox.com/jobs/fk0je6h/
5034582,https://cheranglobal.kekahire.com/JobDetails/1769
5035406,https://www.themarcomavenue.com/hiring.php
5035764,http://wesixitsolutions.com/portfolio/careerapply.php?_vaccancy_id=2
5035996,http://www.globalprospects.in/vacancy-detail-874794.htm
5036268,http://arrogyamhc.com/career.php
5036296,http://www.gangashri.com/careers.php
5036360,https://todaytea.com/careers.html
5038828,http://career.trahon.com/jobseeker/13322/urgently-required-marketing-executives-female-globalreach-skill-training-india-pvt-ltd-aurangabad
5039716,http://jksindia.org/vacancies.html
5040048,https://matrapay.com/careers/
5042948,https://www.posistrength.com/postresume2729.html?id=17
5049346,https://www.protovec.com/careers.php
5049354,https://www.qantur.com/careers/
5055070,http://www.renjithassociates.com/careers.php
5055178,http://bytetechnology.net/careers.asp
5064746,http://www.luminiteservices.com/currentOpenings.php
5071324,https://jobs.lever.co/doxel/c65fe289-bd2f-4d3d-842b-32993b968f03
5084664,https://www.insemitech.com/careers/#1571387730413-33ee2fec-f075
5115960,https://smithnephew.wd5.myworkdayjobs.com/External/job/Strategic-HR-Business-Partner_R39941-1
5116570,https://www.teapost.in/career.php
5122118,https://www.arystonwebsolution.com/career.php
5122142,https://jobs.thirdrepublic.com/Snowflake-Architect--San-Jose-CA-India-788
5124572,http://www.tomspipes.com/career/
5146814,https://www.simplifyhealthcare.com/careers/current-openings/pune/scrum-master
5146870,http://www.qatalystechnologies.com/aboutus/careers.aspx
5146878,http://www.hireexpress.in/jobpreview.aspx?p=4
5146996,http://www.microntechnologies.net/careers.html
5147064,http://www.crmsteels.com/main/career
5160586,http://cocoslabs.com/about/careers/
5160654,https://www.kabaddiadda.com:443/work-with-us
5160658,https://khatabook.com/jd-senior-frontend-react-engineer
5160706,https://the-ken.com/careers/podcast-audio-stories-editor/
5160730,https://www.zamroo.com/job-details?job_id=120914
5162132,https://www.unixfusion.com/careers.php
5164150,http://abmrg.com/careers.php
5165042,https://www.astraladhesives.com/jobdetails-23
5165054,https://www.ayurvedicvillage.com/careers.php#Sr.%20Marketing%20Manager
5166346,https://www.rtns.in/career.html
5166394,http://krishak.co/jobs/android-app-developer/
5166488,http://impelsoft.com/about-impelsoft/careers/#view_current_opening
5166768,http://www.clikontechnologies.com/careers.html
5176370,http://asperaadvisors.com/jobs/manager-business-analysis/
5176386,http://cgmppharmanplans.com/job-opening
5176528,https://www.rajyugsolutions.com/career
5176548,https://www.rkinteriors.in/careers.php
5176644,http://www.spycons.com/careers.html
5176708,https://www.think-gas.com/career
5177850,http://sicomsepl.com/career/current-opportunities/
5183924,http://ravon.in/home/career
5189926,http://www.sunriseesoft.com/careers.html
5206458,https://volon.io/job/devops-engineer-hero-that-every-company-need/
5210350,https://secure.entertimeonline.com/ta/KPAY06344.careers?rnd=KBB&ShowAllOpenings=
5222674,https://www.bharathpackagings.com/careers.html
5222690,https://www.adacts.com/careers
5222718,https://coderplex.org/jobs/
5245898,https://www.azeus.com/careers/career-opportunities/india/full-stack-developer
5246814,https://www.iss-shipping.com/careers/market-analyst
5249142,http://plumtreegroup.applytojob.com/apply/B9sxgxHb7b/Front-End-Web-Developer
5251926,https://www.ixfiadvisory.com/welcome/position_detail/6
5252082,https://redlotus.com/jobs/senior-python-developer/
5253406,http://www.eatoriginal.com/careers/
5253458,https://getvested.openings.co/#!/job-view/project-manager-new-delhi-delhi-india-design-management-201910221205324
5258556,https://jobs.smartrecruiters.com/InfowayGroup/743999701126654-presales-executive
5258564,https://jobs.smartrecruiters.com/PramiraInc/743999701831357-general-manager-operational-telecom-experience
5259554,https://www.careers.homeofindustrialideas.com/job/Pune-QSHE-Manager-GECIA/567155901/
5259592,https://jobs.smartrecruiters.com/HemitzMediaPvtLtd/743999702447630-magento-2-developer
5259604,https://jobs.smartrecruiters.com/Sociabble/743999698134459-saas-customer-support-m-f-permanent-position
5275058,http://www.ostensiveplastotech.com/career.aspx
5275424,http://www.deltasigma.co/careers.html
5278760,http://www.durastick.in/jobs.html
5290256,https://moviuscorp.com/careers/?gnk=job&gni=8a7883d06e8c9499016e8f3aea5401b5
5292852,https://travelhrportal.wd1.myworkdayjobs.com/jobs/job/Solution-Consulting-Analyst_J-40657
5297688,https://www.vegaindia.com/careers/
5299404,http://www.grepthorsoftware.com/careers/
5299420,http://invispaitsolution.in/career.php
5315972,http://www.adroitstruc.com/Join_team/join_team_detail/2
5315976,https://www.agenty.com/careers/
5315980,http://www.cradle.com/job_opportunities.html
5315984,http://divergent-india.com/recruit/businessdevelopmentmanager.html
5315988,https://www.capaindia.com/careers/
5315992,https://www.anishait.com/career.html
5315996,http://www.autovikas.com/career.html
5316000,http://www.bestway.in/work-with-us.html
5316004,https://www.bigsmall.in/pages/jobs
5316008,https://www.centa.org/join_us
5316012,https://consam.in/vacancies.php
5316016,https://www.dodhiagroup.com/careers.html
5316336,http://www.gtcplacement.com/vacancy-detail-847900.htm
5316340,https://www.ddg-bimservices.com/arch
5316348,http://prudentarc.com/work-with-us/
5316360,https://www.srisrinivasaenterprisesap.com/careers.php
5317970,http://www.inoesis.com/jobs/uiux-developer/
5317974,https://oxygenites.com/job-openings-2/
5317978,https://www.samkalpa.in/job-careers/
5317982,https://www.jayemtrade.in/careers.html
5317986,https://international-vistex.icims.com/jobs/1373/jobdetails/job
5317990,http://www.campionit.com/apply/-graphic-designers
5317994,http://www.servilinksystems.com/Vacancy.aspx
5317998,https://www.cocoonapparels.co.in/jobs.html
5318002,http://hitechprint.com/?page_id=147
5318006,https://www.acruxshipping.com/careers_with_us.php
5318014,https://yottec.com/careers
5318018,https://simnovus.com/career/
5318022,https://www.techphant.com/job-vacancies
5318026,http://www.progeniturelabs.com/careers/
5326542,https://www.analectstechnologies.com/job-detail/php-web-developer---fresher
5326546,https://blocksera.com/jobs/content-writer-technical/
5326590,https://sagacito.com/2019/10/30/etl-developer/
5326610,http://www.adktechnologies.com/careers.php
5326626,https://antastictechnologies.com/Boomi-netsuite-developer
5326630,https://www.anulom.com/careers.html
5326662,https://www.cribsontechnologies.com/careers/
5326674,http://deltaclasstech.com/career
5326678,https://www.digitectura.com/careers/
5326714,https://intsystechnologies.com/career/#modal-close
5326734,http://www.laharitechnologies.info/jobs/
5326762,http://pincore.in/discover-pincore/careers/
5326782,https://www.rapsoltechnologies.com/career
5326826,http://www.ssvltechnologies.com/career.html
5326862,https://upstairtechnologies.com/career
5326898,http://yadvatechnologies.com/careers.html
5326926,https://dsmatics.com/careers
5326934,https://nimesa.io/careers/
5326954,https://www.ingeniusindia.com/career.html
